Steps,Policy/Entropy,Policy/Extrinsic Value Estimate,Environment/Episode Length,Environment/Cumulative Reward,Policy/Extrinsic Reward,Is Training
1000,2.1972046,-0.20640758,239.0,0.0,0.0,1.0
2000,2.1971571,-0.2117951,239.0,0.0,0.0,1.0
3000,2.1970465,-0.20920035,239.0,0.0,0.0,1.0
4000,2.1970015,-0.20522025,239.0,0.0,0.0,1.0
5000,2.1970422,-0.16929257,239.0,0.0,0.0,1.0
6000,2.1970816,-0.23230037,239.0,0.0,0.0,1.0
7000,2.1970308,-0.33488438,239.0,0.0,0.0,1.0
