{"cameraMode":{"drawMode":0,"name":"Shaded","section":"Shading Mode"},"sceneLighting":true,"audioPlay":false,"sceneViewState":{"m_AlwaysRefresh":false,"showFog":true,"showSkybox":true,"showFlares":true,"showImageEffects":true,"showParticleSystems":true,"showVisualEffectGraphs":true,"m_FxEnabled":true},"in2DMode":false,"pivot":{"x":600.3796997070313,"y":13.754544258117676,"z":319.0515441894531},"rotation":{"x":0.026472236961126329,"y":-0.7237563133239746,"z":0.027801306918263437,"w":0.6889925003051758},"size":22.912904739379884,"orthographic":false}