{"cameraMode":{"drawMode":0,"name":"Shaded","section":"Shading Mode"},"sceneLighting":true,"audioPlay":false,"sceneViewState":{"m_AlwaysRefresh":false,"showFog":true,"showSkybox":true,"showFlares":true,"showImageEffects":true,"showParticleSystems":true,"showVisualEffectGraphs":true,"m_FxEnabled":true},"in2DMode":false,"pivot":{"x":911.5953979492188,"y":2.389540195465088,"z":297.56292724609377},"rotation":{"x":0.011540711857378483,"y":0.9386032819747925,"z":0.03155045956373215,"w":-0.34336504340171816},"size":5.191141605377197,"orthographic":false}